<configuration>
  <property>
    <name>fs.defaultFS</name>
    <value>hdfs://localhost:51000</value>
  </property>
  <property>
    <name>fs.trash.interval</name>
    <value>10</value>
  </property>
  <property>
    <name>fs.trash.checkpoint.interval</name>
    <value>1</value>
  </property>
  <property>
    <name>hadoop.proxyuser.#USER#.hosts</name>
    <value>*</value>
  </property>
  <property>
    <name>hadoop.proxyuser.#USER#.groups</name>
    <value>*</value>
  </property>
</configuration>
